"","time","temp","dwpt","rhum","prcp","snow","wdir","wspd","wpgt","pres","tsun","coco"
"1","2025-01-01 00:00:00",5,0,70,0,NA,320,16.6,NA,1021.4,NA,3
"2","2025-01-01 01:00:00",5,0,70,0,NA,320,16.6,NA,1021.4,NA,3
"3","2025-01-01 02:00:00",4.4,-0.6,70,0,NA,310,14.8,NA,1022.5,NA,1
"4","2025-01-01 03:00:00",3.3,-0.6,70,0,NA,340,14.8,NA,1022.9,NA,3
"5","2025-01-01 04:00:00",3.3,-1.1,73,0,NA,320,13,NA,1023.9,NA,3
"6","2025-01-01 05:00:00",2.2,-1.1,73,0,NA,320,9.4,NA,1024.3,NA,3
"7","2025-01-01 06:00:00",2.2,-1.8,75,0,NA,310,9.4,NA,1024.3,NA,3
"8","2025-01-01 07:00:00",1.7,-1.8,75,0,NA,350,14.8,NA,1025,NA,1
"9","2025-01-01 08:00:00",1.1,-2.3,75,0,NA,330,13,NA,1025.7,NA,1
"10","2025-01-01 09:00:00",0.6,-2.8,75,0,NA,330,16.6,NA,1025.9,NA,1
"11","2025-01-01 10:00:00",0,-3.3,75,0,NA,350,16.6,NA,1026.9,NA,2
"12","2025-01-01 11:00:00",0,-3.9,75,0,NA,350,16.6,NA,1026.9,NA,1
"13","2025-01-01 12:00:00",0,-4.4,69,0,NA,10,11.2,NA,1028,NA,1
"14","2025-01-01 13:00:00",0,-5,69,0,NA,360,7.6,NA,1028.8,NA,1
"15","2025-01-01 14:00:00",0.6,-5,69,0,NA,350,9.4,NA,1029.3,NA,1
"16","2025-01-01 15:00:00",2.2,-5,66,0,NA,320,13,NA,1029.9,NA,1
"17","2025-01-01 16:00:00",2.2,-4.3,62,0,NA,320,13,NA,1029.9,NA,1
"18","2025-01-01 17:00:00",3.9,-4,59,0,NA,7,7.6,NA,1029,NA,1
"19","2025-01-01 18:00:00",5.6,-4.3,55,0,NA,330,11.2,NA,1027.4,NA,1
"20","2025-01-01 19:00:00",6.7,-4,50,0,NA,340,5.4,NA,1027,NA,1
"21","2025-01-01 20:00:00",6.7,-4.4,45,0,NA,340,5.4,NA,1027,NA,1
"22","2025-01-01 21:00:00",6.7,-4.3,44,0,NA,300,7.6,NA,1026.7,NA,1
"23","2025-01-01 22:00:00",5,-5,43,0,NA,0,0,NA,1026.9,NA,1
"24","2025-01-01 23:00:00",0.6,-5.1,48,0,NA,0,0,NA,1026.9,NA,1
"25","2025-01-02 00:00:00",0,-3.9,75,0,NA,0,0,NA,1027,NA,3
"26","2025-01-02 01:00:00",0,-3.9,75,0,NA,0,0,NA,1027,NA,1
"27","2025-01-02 02:00:00",-1.7,-4.4,78,0,NA,0,0,NA,1027.4,NA,1
"28","2025-01-02 03:00:00",-2.8,-5,78,0,NA,0,0,NA,1027.3,NA,3
"29","2025-01-02 04:00:00",-1.1,-5.6,81,0,NA,0,0,NA,1026.9,NA,2
"30","2025-01-02 05:00:00",-0.6,-3.9,81,0,NA,0,0,NA,1026.6,NA,3
"31","2025-01-02 06:00:00",-0.6,-3.3,82,0,NA,0,0,NA,1026.6,NA,3
"32","2025-01-02 07:00:00",-0.6,-3.3,82,0,NA,0,0,NA,1025.5,NA,3
"33","2025-01-02 08:00:00",-0.6,-3.3,82,0,NA,0,0,NA,1025.5,NA,1
"34","2025-01-02 09:00:00",1.1,-2.8,85,0,NA,160,5.4,NA,1025.8,NA,1
"35","2025-01-02 10:00:00",-1.1,-2.8,75,0,NA,0,0,NA,1025.6,NA,1
"36","2025-01-02 11:00:00",-1.1,-3.3,85,0,NA,0,0,NA,1025.6,NA,1
"37","2025-01-02 12:00:00",-2.2,-4.4,85,0,NA,0,0,NA,1026.5,NA,1
"38","2025-01-02 13:00:00",-2.8,-4.4,85,0,NA,0,0,NA,1026.5,NA,1
"39","2025-01-02 14:00:00",2.8,-4.4,89,0,NA,0,0,NA,1026.8,NA,1
"40","2025-01-02 15:00:00",6.7,-0.7,78,0,NA,180,20.5,NA,1026.8,NA,1
"41","2025-01-02 16:00:00",6.7,1.2,68,0,NA,180,20.5,NA,1026.8,NA,1
"42","2025-01-02 17:00:00",10,1.8,61,0,NA,210,20.5,NA,1025.1,NA,1
"43","2025-01-02 18:00:00",9.4,2.1,58,0,NA,230,18.4,NA,1023.8,NA,3
"44","2025-01-02 19:00:00",10,1.1,56,0,NA,220,11.2,NA,1023.2,NA,3
"45","2025-01-02 20:00:00",10.6,1.6,56,0,NA,250,11.2,NA,1023.1,NA,3
"46","2025-01-02 21:00:00",10.6,1.7,54,0,NA,250,11.2,NA,1023.1,NA,3
"47","2025-01-02 22:00:00",8.3,1.6,56,0,NA,180,11.2,NA,1023.5,NA,3
"48","2025-01-02 23:00:00",5,1.7,63,0,NA,0,0,NA,1024.1,NA,3
"49","2025-01-03 00:00:00",2.2,-0.8,82,0,NA,340,5.4,NA,1025.1,NA,1
"50","2025-01-03 01:00:00",2.2,-0.6,82,0,NA,340,5.4,NA,1025.1,NA,1
"51","2025-01-03 02:00:00",2.2,-0.6,82,0,NA,0,0,NA,1026.6,NA,3
"52","2025-01-03 03:00:00",1.7,-0.1,85,0,NA,0,0,NA,1026.9,NA,3
"53","2025-01-03 04:00:00",1.1,-0.6,85,0,NA,190,5.4,NA,1027.4,NA,1
"54","2025-01-03 05:00:00",0,-0.7,88,0,NA,200,5.4,NA,1027.7,NA,1
"55","2025-01-03 06:00:00",0,-1.8,88,0,NA,200,5.4,NA,1027.7,NA,2
"56","2025-01-03 07:00:00",-1.7,-1.8,88,0,NA,190,5.4,NA,1028.5,NA,1
"57","2025-01-03 08:00:00",-1.7,-2.8,92,0,NA,0,0,NA,1028.9,NA,1
"58","2025-01-03 09:00:00",-2.2,-3.3,89,0,NA,0,0,NA,1029,NA,1
"59","2025-01-03 10:00:00",-2.2,-3.9,88,0,NA,0,0,NA,1029,NA,1
"60","2025-01-03 11:00:00",-2.8,-3.9,88,0,NA,0,0,NA,1030.1,NA,1
"61","2025-01-03 12:00:00",-2.8,-5,85,0,NA,0,0,NA,1031.1,NA,3
"62","2025-01-03 13:00:00",-3.3,-5,85,0,NA,0,0,NA,1031.3,NA,2
"63","2025-01-03 14:00:00",0,-5,88,0,NA,0,0,NA,1031.8,NA,5
"64","2025-01-03 15:00:00",0,-2.2,85,0,NA,0,0,NA,1031.8,NA,5
"65","2025-01-03 16:00:00",2.2,-1.1,85,0,NA,60,9.4,NA,1032.6,NA,5
"66","2025-01-03 17:00:00",4.4,-0.1,85,0,NA,0,0,NA,1031.8,NA,3
"67","2025-01-03 18:00:00",7.8,-0.6,70,0,NA,0,5.4,NA,1030.3,NA,2
"68","2025-01-03 19:00:00",9.4,0,58,0,NA,10,7.6,NA,1029.2,NA,1
"69","2025-01-03 20:00:00",9.4,-2.2,44,0,NA,10,7.6,NA,1029.2,NA,2
"70","2025-01-03 21:00:00",10.6,-2.8,39,0,NA,30,5.4,NA,1028.3,NA,2
"71","2025-01-03 22:00:00",9.4,-5,33,0,NA,0,0,NA,1028.1,NA,1
"72","2025-01-03 23:00:00",9.4,-4.9,36,0,NA,0,0,NA,1028.1,NA,1
"73","2025-01-04 00:00:00",1,-3.3,73,0,NA,0,0,NA,1028.9,NA,1
"74","2025-01-04 01:00:00",1.1,-3.2,73,0,NA,0,0,NA,1028.9,NA,1
"75","2025-01-04 02:00:00",0.6,-3.9,72,0,NA,0,0,NA,1028.4,NA,1
"76","2025-01-04 03:00:00",-0.6,-4,78,0,NA,0,0,NA,1028.6,NA,1
"77","2025-01-04 04:00:00",-1.1,-4.4,78,0,NA,0,0,NA,1028.2,NA,1
"78","2025-01-04 05:00:00",-1.7,-4.4,82,0,NA,0,0,NA,1028.2,NA,1
"79","2025-01-04 06:00:00",-2.2,-4.4,85,0,NA,0,0,NA,1027.7,NA,1
"80","2025-01-04 07:00:00",-2.2,-4.4,85,0,NA,0,0,NA,1027.7,NA,1
"81","2025-01-04 08:00:00",-2.8,-4.4,85,0,NA,0,0,NA,1027.3,NA,1
"82","2025-01-04 09:00:00",-1.7,-5,85,0,NA,180,5.4,NA,1026.5,NA,1
"83","2025-01-04 10:00:00",-1.7,-3.3,89,0,NA,180,5.4,NA,1026.5,NA,1
"84","2025-01-04 11:00:00",0.6,-3.3,82,0,NA,0,0,NA,1025.7,NA,2
"85","2025-01-04 12:00:00",1.7,-2.1,82,0,NA,0,0,NA,1025.5,NA,3
"86","2025-01-04 13:00:00",1.7,-1.7,78,0,NA,0,0,NA,1025.5,NA,3
"87","2025-01-04 14:00:00",6.7,-1.7,67,0,NA,120,9.4,NA,1024.9,NA,3
"88","2025-01-04 15:00:00",7.8,-2.2,53,0,NA,100,7.6,NA,1025.1,NA,3
"89","2025-01-04 16:00:00",7.8,-5,40,0,NA,100,7.6,NA,1025.1,NA,3
"90","2025-01-04 17:00:00",8.3,-3.3,49,0,NA,160,14.8,NA,1023.2,NA,3
"91","2025-01-04 18:00:00",8.3,-5.6,37,0,NA,150,25.9,NA,1021.8,NA,7
"92","2025-01-04 19:00:00",8.9,-4.9,39,0,NA,150,20.5,NA,1020.4,NA,3
"93","2025-01-04 20:00:00",8.9,-4,40,0,NA,150,20.5,NA,1020.4,NA,3
"94","2025-01-04 21:00:00",8.3,-2.7,44,0,NA,160,9.4,NA,1018.7,NA,3
"95","2025-01-04 22:00:00",8.3,-2.1,48,0,NA,150,16.6,NA,1018,NA,3
"96","2025-01-04 23:00:00",8.3,-1,52,0,NA,120,14.8,NA,1017,NA,3
"97","2025-01-05 00:00:00",9,0.7,56,0,NA,140,9,NA,1016,NA,3
"98","2025-01-05 01:00:00",8.9,0.6,56,0,NA,160,24.1,NA,1015.5,NA,3
"99","2025-01-05 02:00:00",7.8,1.8,61,0,NA,140,24.1,NA,1015.4,NA,3
"100","2025-01-05 03:00:00",7.2,1.2,63,0,NA,130,16.6,NA,1015.2,NA,3
"101","2025-01-05 04:00:00",7.2,1.1,65,0,NA,120,9.4,NA,1014.8,NA,3
"102","2025-01-05 05:00:00",7.2,1.7,68,0,NA,120,9.4,NA,1014.8,NA,3
"103","2025-01-05 06:00:00",7.8,2.9,71,0.1,NA,150,20.5,NA,1013.9,NA,7
"104","2025-01-05 07:00:00",7.2,3.8,76,0.2,NA,170,20.5,NA,1011.6,NA,7
"105","2025-01-05 08:00:00",7.8,4.3,82,0.8,NA,160,22.3,NA,1010.5,NA,8
"106","2025-01-05 09:00:00",7.8,5.1,83,0.2,NA,160,18.4,NA,1009.6,NA,7
"107","2025-01-05 10:00:00",7.8,5.1,83,0,NA,160,18.4,NA,1009.6,NA,7
"108","2025-01-05 11:00:00",9.4,6.1,86,0,NA,170,22.3,NA,1008,NA,7
"109","2025-01-05 12:00:00",10,7.2,86,0,NA,170,16.6,NA,1006.8,NA,7
"110","2025-01-05 13:00:00",10.6,7.8,86,0,NA,160,14.8,NA,1005,NA,8
"111","2025-01-05 14:00:00",11.1,8.9,89,0,NA,180,25.9,NA,1004.6,NA,3
"112","2025-01-05 15:00:00",11.1,9.4,89,0.6,NA,180,25.9,NA,1004.6,NA,8
"113","2025-01-05 16:00:00",11.7,9.4,92,0.3,NA,190,24.1,NA,1005,NA,3
"114","2025-01-05 17:00:00",10,9.4,86,0.1,NA,230,25.9,NA,1004.8,NA,7
"115","2025-01-05 18:00:00",5.6,8.3,89,0,NA,260,25.9,NA,1006,NA,3
"116","2025-01-05 19:00:00",5.6,3.3,85,0,NA,260,25.9,NA,1006,NA,5
"117","2025-01-05 20:00:00",0,0.5,85,0,NA,270,31.7,NA,1009,NA,3
"118","2025-01-05 21:00:00",-1.7,-2.2,85,0,NA,280,31.7,NA,1010.8,NA,3
"119","2025-01-05 22:00:00",-2.2,-3.9,85,0,NA,290,25.9,NA,1012.2,NA,5
"120","2025-01-05 23:00:00",-2.2,-5,81,0,NA,290,25.9,NA,1012.2,NA,3
"121","2025-01-06 00:00:00",-4.4,-6.8,81,0,NA,300,29.5,NA,1015.5,NA,5
"122","2025-01-06 01:00:00",-4.4,-7.2,81,0,NA,300,29.5,NA,1015.5,NA,3
"123","2025-01-06 02:00:00",-6.1,-8.3,81,0,NA,320,27.7,NA,1017.8,NA,3
"124","2025-01-06 03:00:00",-6.1,-9.3,78,0,NA,320,27.7,NA,1017.8,NA,3
"125","2025-01-06 04:00:00",-6.7,-9.4,81,0,NA,340,20.5,NA,1019.8,NA,3
"126","2025-01-06 05:00:00",-6.7,-10.6,74,0,NA,340,20.5,NA,1019.8,NA,3
"127","2025-01-06 06:00:00",-7.8,-10.5,77,0,NA,320,24.1,NA,1021.7,NA,3
"128","2025-01-06 07:00:00",-7.8,-11.6,74,0,NA,320,24.1,NA,1021.7,NA,3
"129","2025-01-06 08:00:00",-8.3,-11.6,77,0,NA,320,24.1,NA,1024.3,NA,3
"130","2025-01-06 09:00:00",-8.3,-11.6,77,0,NA,320,24.1,NA,1024.3,NA,3
"131","2025-01-06 10:00:00",-8.3,-11.6,77,0,NA,320,25.9,NA,1025,NA,3
"132","2025-01-06 11:00:00",-8.3,-11.6,77,0,NA,330,20.5,NA,1026.1,NA,3
"133","2025-01-06 12:00:00",-8.3,-11.6,77,0,NA,330,20.5,NA,1026.1,NA,3
"134","2025-01-06 13:00:00",-8.9,-12.1,74,0,NA,330,18.4,NA,1027.4,NA,3
"135","2025-01-06 14:00:00",-8.9,-12.9,73,0,NA,330,18.4,NA,1027.4,NA,3
"136","2025-01-06 15:00:00",-8.3,-12.8,70,0,NA,320,20.5,NA,1028.2,NA,3
"137","2025-01-06 16:00:00",-6.7,-12.1,71,0,NA,290,16.6,NA,1029,NA,3
"138","2025-01-06 17:00:00",-5,-11.1,71,0,NA,330,20.5,NA,1029,NA,3
"139","2025-01-06 18:00:00",-3.9,-10,68,0,NA,330,24.1,NA,1028.3,NA,3
"140","2025-01-06 19:00:00",-3.3,-9.3,66,0,NA,300,16.6,NA,1028.1,NA,3
"141","2025-01-06 20:00:00",-3.3,-9.3,63,0,NA,300,16.6,NA,1028.1,NA,3
"142","2025-01-06 21:00:00",-3.3,-9.5,60,0,NA,330,14.8,NA,1029,NA,3
"143","2025-01-06 22:00:00",-4.4,-9.3,63,0,NA,340,16.6,NA,1029.6,NA,3
"144","2025-01-06 23:00:00",-6.1,-10,65,0,NA,320,13,NA,1030.1,NA,3
"145","2025-01-07 00:00:00",-7,-10.9,74,0,NA,340,11,NA,1028,NA,1
"146","2025-01-07 01:00:00",-7.2,-10.6,74,0,NA,340,11.2,NA,1031,NA,1
"147","2025-01-07 02:00:00",-6.7,-10.5,77,0,NA,340,9.4,NA,1031.3,NA,1
"148","2025-01-07 03:00:00",-6.1,-10.1,77,0,NA,10,11.2,NA,1031.3,NA,2
"149","2025-01-07 04:00:00",-6.7,-10,74,0,NA,360,7.6,NA,1031.6,NA,2
"150","2025-01-07 05:00:00",-6.7,-10.1,77,0,NA,360,7.6,NA,1031.6,NA,1
"151","2025-01-07 06:00:00",-6.7,-10.1,77,0,NA,10,7.6,NA,1031.3,NA,3
"152","2025-01-07 07:00:00",-6.7,-9.4,81,0,NA,10,5.4,NA,1031.8,NA,2
"153","2025-01-07 08:00:00",-6.7,-9.4,81,0,NA,20,5.4,NA,1031.8,NA,1
"154","2025-01-07 09:00:00",-6.7,-9.4,81,0,NA,30,5.4,NA,1032,NA,1
"155","2025-01-07 10:00:00",-6.7,-9.4,81,0,NA,70,9.4,NA,1032.3,NA,3
"156","2025-01-07 11:00:00",-7.2,-9.4,81,0,NA,70,7.6,NA,1032.5,NA,3
"157","2025-01-07 12:00:00",-6.7,-9.4,84,0,NA,70,5.4,NA,1033.1,NA,3
"158","2025-01-07 13:00:00",-6.7,-9.4,81,0,NA,60,5.4,NA,1033.7,NA,3
"159","2025-01-07 14:00:00",-6.1,-9,84,0,NA,0,0,NA,1034.1,NA,3
"160","2025-01-07 15:00:00",-5.6,-8.8,81,0,NA,350,5.4,NA,1034.8,NA,3
"161","2025-01-07 16:00:00",-5.6,-8.8,78,0,NA,350,5.4,NA,1034.8,NA,3
"162","2025-01-07 17:00:00",-5,-8.3,81,0,NA,20,11.2,NA,1034.3,NA,3
"163","2025-01-07 18:00:00",-4.4,-8.9,74,0,NA,50,7.6,NA,1033.8,NA,3
"164","2025-01-07 19:00:00",-4.4,-8.3,74,0,NA,50,7.6,NA,1033.8,NA,3
"165","2025-01-07 20:00:00",-3.9,-8.2,72,0,NA,0,0,NA,1033.7,NA,3
"166","2025-01-07 21:00:00",-2.8,-8.2,72,0,NA,0,5.4,NA,1034.1,NA,3
"167","2025-01-07 22:00:00",-3.9,-8.3,66,0,NA,130,5.4,NA,1033.9,NA,2
"168","2025-01-07 23:00:00",-5,-8.2,72,0,NA,0,0,NA,1034.2,NA,2
"169","2025-01-08 00:00:00",-7,-9.7,81,0,NA,336,13,NA,1033,NA,3
"170","2025-01-08 01:00:00",-6.7,-9.4,81,0,NA,0,0,NA,1035.1,NA,3
"171","2025-01-08 02:00:00",-7.8,-9.4,81,0,NA,0,0,NA,1035.5,NA,3
"172","2025-01-08 03:00:00",-8.9,-10,84,0,NA,180,5.4,NA,1036.6,NA,3
"173","2025-01-08 04:00:00",-8.9,-10.5,88,0,NA,180,5.4,NA,1036.6,NA,2
"174","2025-01-08 05:00:00",-8.3,-10.6,80,0,NA,0,0,NA,1036.8,NA,2
"175","2025-01-08 06:00:00",-6.7,-11.6,77,0,NA,330,9.4,NA,1036.3,NA,2
"176","2025-01-08 07:00:00",-7.2,-10.6,74,0,NA,320,11.2,NA,1036.4,NA,1
"177","2025-01-08 08:00:00",-7.2,-10.5,77,0,NA,340,9.4,NA,1036.1,NA,1
"178","2025-01-08 09:00:00",-7.2,-11.7,70,0,NA,340,9.4,NA,1036.1,NA,1
"179","2025-01-08 10:00:00",-8.3,-12.1,74,0,NA,0,0,NA,1035.5,NA,1
"180","2025-01-08 11:00:00",-9.4,-12.1,74,0,NA,0,0,NA,1035.5,NA,1
"181","2025-01-08 12:00:00",-8.9,-12.2,80,0,NA,320,9.4,NA,1035.7,NA,1
"182","2025-01-08 13:00:00",-8.9,-12.2,77,0,NA,320,9.4,NA,1036,NA,1
"183","2025-01-08 14:00:00",-8.9,-11.7,80,0,NA,320,9.4,NA,1036,NA,2
"184","2025-01-08 15:00:00",-6.1,-10.5,77,0,NA,360,11.2,NA,1036.3,NA,2
"185","2025-01-08 16:00:00",-4.4,-10.5,71,0,NA,350,9.4,NA,1035.9,NA,3
"186","2025-01-08 17:00:00",-3.3,-11.6,57,0,NA,320,13,NA,1034.2,NA,1
"187","2025-01-08 18:00:00",-3.3,-11.1,55,0,NA,320,13,NA,1034.2,NA,1
"188","2025-01-08 19:00:00",-0.6,-10.5,51,0,NA,350,7.6,NA,1031.6,NA,1
"189","2025-01-08 20:00:00",-0.6,-10.5,47,0,NA,350,5.4,NA,1030.8,NA,1
"190","2025-01-08 21:00:00",-0.6,-10.5,47,0,NA,250,9.4,NA,1030.4,NA,1
"191","2025-01-08 22:00:00",-1.1,-10.5,47,0,NA,320,5.4,NA,1029.5,NA,1
"192","2025-01-08 23:00:00",-3.3,-10.5,49,0,NA,250,5.4,NA,1029.7,NA,1
"193","2025-01-09 00:00:00",-6,-11,68,0,NA,276,5.4,NA,1028,NA,1
"194","2025-01-09 01:00:00",-6.7,-10.6,68,0,NA,0,0,NA,1029.2,NA,1
"195","2025-01-09 02:00:00",-7.8,-11.1,71,0,NA,0,0,NA,1029.1,NA,1
"196","2025-01-09 03:00:00",-9.4,-11.1,77,0,NA,180,7.6,NA,1029,NA,1
"197","2025-01-09 04:00:00",-8.9,-12.2,80,0,NA,190,9.4,NA,1028.3,NA,1
"198","2025-01-09 05:00:00",-8.9,-11.7,80,0,NA,190,9.4,NA,1028.3,NA,1
"199","2025-01-09 06:00:00",-8.9,-11.1,80,0,NA,0,0,NA,1026.9,NA,1
"200","2025-01-09 07:00:00",-8.9,-11.7,80,0,NA,0,0,NA,1026.4,NA,1
"201","2025-01-09 08:00:00",-10,-11.7,80,0,NA,0,0,NA,1026.1,NA,1
"202","2025-01-09 09:00:00",-10,-12.8,80,0,NA,0,0,NA,1026.1,NA,1
"203","2025-01-09 10:00:00",-9.4,-12.2,80,0,NA,0,0,NA,1025,NA,1
"204","2025-01-09 11:00:00",-9.4,-12.2,80,0,NA,0,0,NA,1026,NA,1
"205","2025-01-09 12:00:00",-8.9,-12.2,80,0,NA,0,0,NA,1026.1,NA,3
"206","2025-01-09 13:00:00",-7.8,-11.1,84,0,NA,0,0,NA,1025.2,NA,3
"207","2025-01-09 14:00:00",-7.8,-10.6,80,0,NA,0,0,NA,1025.2,NA,3
"208","2025-01-09 15:00:00",-4.4,-9.4,81,0,NA,0,0,NA,1026,NA,3
"209","2025-01-09 16:00:00",-1.1,-7.8,77,0,NA,0,0,NA,1025.5,NA,3
"210","2025-01-09 17:00:00",0,-6.1,69,0,NA,190,14.8,NA,1024.7,NA,3
"211","2025-01-09 18:00:00",1,-8.5,49,0,NA,170,15,NA,1022,NA,3
"212","2025-01-09 19:00:00",-1.1,-8.9,49,0,NA,190,9.4,NA,1023.8,NA,3
"213","2025-01-09 20:00:00",-1.1,-4.4,78,0.5,NA,230,11.2,NA,1022.9,NA,15
"214","2025-01-09 21:00:00",-1.1,-3.3,85,0.8,NA,230,11.2,NA,1022.9,NA,16
"215","2025-01-09 22:00:00",-1.7,-4.4,82,1,NA,160,5.4,NA,1022.8,NA,16
"216","2025-01-09 23:00:00",-1.7,-4.4,82,0.2,NA,160,5.4,NA,1022.8,NA,14
"217","2025-01-10 00:00:00",-1.7,-4.2,85,0.4,NA,0,0,NA,1021.9,NA,15
"218","2025-01-10 01:00:00",-1.7,-3.9,85,0.3,NA,0,0,NA,1021.9,NA,15
"219","2025-01-10 02:00:00",-1.7,-3.9,85,0.5,NA,0,0,NA,1021.4,NA,15
"220","2025-01-10 03:00:00",-1.7,-3.3,89,1,NA,0,0,NA,1021.1,NA,15
"221","2025-01-10 04:00:00",-1.7,-3.3,89,1,NA,0,0,NA,1021.1,NA,16
"222","2025-01-10 05:00:00",-1.7,-3.3,89,1,NA,0,0,NA,1021.2,NA,16
"223","2025-01-10 06:00:00",-1.7,-3.6,89,1.3,NA,0,0,NA,1019.4,NA,16
"224","2025-01-10 07:00:00",-1.7,-3.3,89,1,NA,0,0,NA,1019.4,NA,16
"225","2025-01-10 08:00:00",-2.2,-3.3,92,0.2,NA,0,0,NA,1018,NA,16
"226","2025-01-10 09:00:00",-2.2,-3.6,89,1.3,NA,0,0,NA,1018,NA,16
"227","2025-01-10 10:00:00",-2.2,-3.3,92,1.3,NA,0,0,NA,1017.5,NA,16
"228","2025-01-10 11:00:00",-1.7,-3.3,89,1,NA,0,0,NA,1017.5,NA,16
"229","2025-01-10 12:00:00",-2,-3.7,88,0.5,NA,180,7,NA,1017,NA,15
"230","2025-01-10 13:00:00",-1.7,-3.9,88,0.5,NA,320,9.4,NA,1017.6,NA,5
"231","2025-01-10 14:00:00",-1.1,-3.3,89,0.2,NA,330,11.2,NA,1017.7,NA,14
"232","2025-01-10 15:00:00",-1.1,-3.3,85,0.3,NA,330,13,NA,1017.7,NA,15
"233","2025-01-10 16:00:00",-1.1,-3.3,85,0.5,NA,330,13,NA,1017.7,NA,15
"234","2025-01-10 17:00:00",0,-2.9,81,0.1,NA,330,11.2,NA,1015.8,NA,14
"235","2025-01-10 18:00:00",0,-3.2,79,0,NA,320,11,NA,1014,NA,3
"236","2025-01-10 19:00:00",0,-3.2,79,0,NA,320,13,NA,1014.4,NA,3
"237","2025-01-10 20:00:00",0,-3.2,79,0,NA,330,18.4,NA,1014.2,NA,5
"238","2025-01-10 21:00:00",0,-2.9,81,0,NA,320,18.4,NA,1014.7,NA,3
"239","2025-01-10 22:00:00",0,-2.9,81,0,NA,320,18.4,NA,1014.7,NA,3
"240","2025-01-10 23:00:00",0,-2.9,81,0,NA,300,11.2,NA,1015.1,NA,3
"241","2025-01-11 00:00:00",-0.6,-4.4,78,0,NA,290,7.6,NA,1016.4,NA,3
"242","2025-01-11 01:00:00",-0.6,-4,78,0,NA,290,7.6,NA,1016.4,NA,3
"243","2025-01-11 02:00:00",-1.7,-3.9,81,0,NA,240,7.6,NA,1016.5,NA,3
"244","2025-01-11 03:00:00",-3.9,-5.6,88,0,NA,220,5.4,NA,1017,NA,5
"245","2025-01-11 04:00:00",-7.2,-8.3,92,0,NA,190,9.4,NA,1017.4,NA,5
"246","2025-01-11 05:00:00",-9.4,-11.2,87,0,NA,0,0,NA,1017,NA,5
"247","2025-01-11 06:00:00",-6.7,-9.2,84,0,NA,0,0,NA,1016,NA,5
"248","2025-01-11 07:00:00",-7.2,-8.4,88,0,NA,200,7.6,NA,1015.8,NA,5
"249","2025-01-11 08:00:00",-7.2,-10.1,80,0,NA,200,7.6,NA,1015.8,NA,5
"250","2025-01-11 09:00:00",-10,-12.8,80,0,NA,0,0,NA,1015.8,NA,5
"251","2025-01-11 10:00:00",-10,-13.2,81,0,NA,0,0,NA,1014.7,NA,5
"252","2025-01-11 11:00:00",-10,-12.8,80,0,NA,180,5.4,NA,1014.6,NA,1
"253","2025-01-11 12:00:00",-11.1,-13.8,80,0,NA,190,5.4,NA,1014.9,NA,1
"254","2025-01-11 13:00:00",-10,-13.9,80,0,NA,200,9.4,NA,1015.2,NA,1
"255","2025-01-11 14:00:00",-10,-12.8,80,0,NA,200,9.4,NA,1015.2,NA,1
"256","2025-01-11 15:00:00",-0.6,-8.4,84,0,NA,180,14.8,NA,1014.6,NA,1
"257","2025-01-11 16:00:00",2.8,-4,78,0,NA,200,16.6,NA,1014.6,NA,1
"258","2025-01-11 17:00:00",3.9,-4,61,0,NA,200,22.3,NA,1013.5,NA,1
"259","2025-01-11 18:00:00",3.9,-4.3,55,0,NA,200,22.3,NA,1013.5,NA,1
"260","2025-01-11 19:00:00",5,-4.4,53,0,NA,190,16.6,NA,1011.3,NA,1
"261","2025-01-11 20:00:00",5,-5.1,48,0,NA,180,22.3,NA,1010.9,NA,1
"262","2025-01-11 21:00:00",4.4,-4.3,51,0,NA,180,20.5,NA,1011,NA,1
"263","2025-01-11 22:00:00",4.4,-4.4,53,0,NA,200,20.5,NA,1011.1,NA,1
"264","2025-01-11 23:00:00",4.4,-4.4,53,0,NA,200,20.5,NA,1011.1,NA,1
"265","2025-01-12 00:00:00",0.6,-4.1,69,0,NA,210,5.4,NA,1010.8,NA,1
"266","2025-01-12 01:00:00",1.1,-4.4,69,0,NA,180,5.4,NA,1011.6,NA,1
"267","2025-01-12 02:00:00",2.2,-5,64,0,NA,200,16.6,NA,1012.2,NA,1
"268","2025-01-12 03:00:00",1.1,-3.9,64,0,NA,180,9.4,NA,1012.6,NA,1
"269","2025-01-12 04:00:00",1.1,-4.3,67,0,NA,200,7.6,NA,1012.1,NA,1
"270","2025-01-12 05:00:00",1.1,-4,69,0,NA,200,7.6,NA,1012.1,NA,1
"271","2025-01-12 06:00:00",1.7,-3.1,69,0,NA,200,14.8,NA,1011.1,NA,1
"272","2025-01-12 07:00:00",2.2,-3.4,69,0,NA,200,16.6,NA,1010.9,NA,1
"273","2025-01-12 08:00:00",2.2,-3.3,67,0,NA,200,16.6,NA,1010.9,NA,1
"274","2025-01-12 09:00:00",3.3,-2.7,67,0,NA,210,20.5,NA,1010.6,NA,1
"275","2025-01-12 10:00:00",2.2,-2.9,64,0,NA,290,7.6,NA,1011.4,NA,1
"276","2025-01-12 11:00:00",0,-2.7,70,0,NA,0,0,NA,1012.1,NA,3
"277","2025-01-12 12:00:00",0,-2.9,81,0,NA,0,0,NA,1012.9,NA,3
"278","2025-01-12 13:00:00",0,-2.9,81,0,NA,0,0,NA,1012.9,NA,3
"279","2025-01-12 14:00:00",0.6,-2.8,85,0,NA,0,0,NA,1014.4,NA,3
"280","2025-01-12 15:00:00",1.7,-2.1,82,0,NA,0,0,NA,1015.7,NA,3
"281","2025-01-12 16:00:00",5.6,-1.7,78,0,NA,0,0,NA,1015.9,NA,3
"282","2025-01-12 17:00:00",6.1,-1.8,59,0,NA,300,7.6,NA,1016.1,NA,2
"283","2025-01-12 18:00:00",7,-1.2,56,0,NA,330,13,NA,1015,NA,2
"284","2025-01-12 19:00:00",7.2,-1,56,0,NA,320,13,NA,1015.4,NA,2
"285","2025-01-12 20:00:00",8.3,-1,56,0,NA,340,11.2,NA,1016,NA,2
"286","2025-01-12 21:00:00",8.3,-1,52,0,NA,350,9.4,NA,1016.4,NA,1
"287","2025-01-12 22:00:00",8.3,-1,52,0,NA,350,9.4,NA,1016.4,NA,1
"288","2025-01-12 23:00:00",4.4,-0.5,60,0,NA,310,13,NA,1018.9,NA,1
"289","2025-01-13 00:00:00",4.4,-1.4,68,0,NA,0,0,NA,1019.8,NA,1
"290","2025-01-13 01:00:00",4.4,-1,68,0,NA,340,5.4,NA,1020.7,NA,1
"291","2025-01-13 02:00:00",2.2,-2.8,85,0,NA,340,16.6,NA,1021.3,NA,2
"292","2025-01-13 03:00:00",2.2,-1.8,75,0,NA,340,16.6,NA,1021.3,NA,1
"293","2025-01-13 04:00:00",1.7,-1.7,78,0,NA,340,13,NA,1023.4,NA,1
"294","2025-01-13 05:00:00",0,-2.3,75,0,NA,340,18.4,NA,1024.3,NA,1
"295","2025-01-13 06:00:00",-0.6,-4.4,72,0,NA,350,7.6,NA,1024.5,NA,1
"296","2025-01-13 07:00:00",-1.1,-5,72,0,NA,340,11.2,NA,1025.3,NA,3
"297","2025-01-13 08:00:00",-2.2,-5,75,0,NA,10,7.6,NA,1026.1,NA,3
"298","2025-01-13 09:00:00",-2.2,-7.7,66,0,NA,10,7.6,NA,1026.1,NA,1
"299","2025-01-13 10:00:00",-3.9,-9.3,63,0,NA,360,5.4,NA,1026.9,NA,1
"300","2025-01-13 11:00:00",-3.9,-9.3,66,0,NA,360,5.4,NA,1026.9,NA,1
"301","2025-01-13 12:00:00",-7.2,-9.3,78,0,NA,0,0,NA,1028.1,NA,1
"302","2025-01-13 13:00:00",-7.2,-10.1,80,0,NA,0,0,NA,1028.1,NA,1
"303","2025-01-13 14:00:00",-4.4,-10,84,0,NA,0,0,NA,1029.4,NA,1
"304","2025-01-13 15:00:00",-1.1,-7.8,77,0,NA,70,9.4,NA,1029.8,NA,1
"305","2025-01-13 16:00:00",0.6,-10,51,0,NA,60,7.6,NA,1029.9,NA,1
"306","2025-01-13 17:00:00",1.7,-10,45,0,NA,0,0,NA,1029.3,NA,1
"307","2025-01-13 18:00:00",1.7,-10.5,40,0,NA,0,0,NA,1029.3,NA,1
"308","2025-01-13 19:00:00",5,-10.6,34,0,NA,0,0,NA,1027.4,NA,1
"309","2025-01-13 20:00:00",5,-10.8,31,0,NA,0,0,NA,1027.4,NA,1
"310","2025-01-13 21:00:00",5,-9.4,33,0,NA,240,9.4,NA,1027.9,NA,1
"311","2025-01-13 22:00:00",4.4,-8.9,36,0,NA,290,5.4,NA,1027.9,NA,1
"312","2025-01-13 23:00:00",4.4,-9.4,36,0,NA,290,5.4,NA,1027.9,NA,1
"313","2025-01-14 00:00:00",-1.1,-7.2,63,0,NA,0,0,NA,1028.9,NA,1
"314","2025-01-14 01:00:00",-2.2,-7.3,63,0,NA,190,7.6,NA,1028.9,NA,1
"315","2025-01-14 02:00:00",-3.3,-7.1,69,0,NA,0,0,NA,1028.9,NA,1
"316","2025-01-14 03:00:00",-3.3,-7.3,74,0,NA,0,0,NA,1028.9,NA,1
"317","2025-01-14 04:00:00",-4.4,-8.2,78,0,NA,200,5.4,NA,1029,NA,1
"318","2025-01-14 05:00:00",-4.4,-7.8,77,0,NA,200,11.2,NA,1028.9,NA,1
"319","2025-01-14 06:00:00",-5,-8.3,74,0,NA,190,7.6,NA,1028.7,NA,1
"320","2025-01-14 07:00:00",-5,-8.2,78,0,NA,0,0,NA,1028.9,NA,1
"321","2025-01-14 08:00:00",-6.1,-8.4,84,0,NA,0,0,NA,1028.9,NA,1
"322","2025-01-14 09:00:00",-5,-7.8,81,0,NA,190,9.4,NA,1028.8,NA,1
"323","2025-01-14 10:00:00",-6.1,-8.2,78,0,NA,0,0,NA,1028.8,NA,1
"324","2025-01-14 11:00:00",-5.6,-8.8,81,0,NA,0,0,NA,1029.3,NA,1
"325","2025-01-14 12:00:00",-5.6,-7.7,85,0,NA,0,0,NA,1029.3,NA,1
"326","2025-01-14 13:00:00",-4.4,-8.3,81,0,NA,0,0,NA,1029.7,NA,1
"327","2025-01-14 14:00:00",-4.4,-7.2,81,0,NA,0,0,NA,1029.7,NA,3
"328","2025-01-14 15:00:00",5.6,-3.9,72,0,NA,220,9.4,NA,1029.9,NA,3
"329","2025-01-14 16:00:00",7.2,-5.1,46,0,NA,220,7.6,NA,1030,NA,3
"330","2025-01-14 17:00:00",9.4,-4.9,42,0,NA,230,13,NA,1029,NA,3
"331","2025-01-14 18:00:00",9.4,-4.9,36,0,NA,230,13,NA,1029,NA,3
"332","2025-01-14 19:00:00",10.6,-4.9,36,0,NA,270,16.6,NA,1027.3,NA,1
"333","2025-01-14 20:00:00",10.6,-4.2,35,0,NA,250,20.5,NA,1027.2,NA,1
"334","2025-01-14 21:00:00",10,-5.4,32,0,NA,220,14.8,NA,1027.7,NA,2
"335","2025-01-14 22:00:00",10,-5.2,34,0,NA,220,14.8,NA,1027.7,NA,2
"336","2025-01-14 23:00:00",8.9,-5.8,35,0,NA,260,5.4,NA,1029.1,NA,1
"337","2025-01-15 00:00:00",2,-4.1,64,0,NA,221,4,NA,1028,NA,1
"338","2025-01-15 01:00:00",1.7,-4.4,64,0,NA,0,0,NA,1030.4,NA,1
"339","2025-01-15 02:00:00",-1.7,-5,72,0,NA,0,0,NA,1030.3,NA,1
"340","2025-01-15 03:00:00",-1.7,-5.5,75,0,NA,0,0,NA,1030.3,NA,1
"341","2025-01-15 04:00:00",-2.8,-6.1,81,0,NA,0,0,NA,1031.1,NA,1
"342","2025-01-15 05:00:00",-2.2,-6.1,78,0,NA,190,7.6,NA,1030.8,NA,1
"343","2025-01-15 06:00:00",-1.7,-4.4,85,0,NA,190,5.4,NA,1030.4,NA,1
"344","2025-01-15 07:00:00",-2.8,-4.4,82,0,NA,0,0,NA,1030.1,NA,2
"345","2025-01-15 08:00:00",-2.8,-5.6,81,0,NA,0,0,NA,1030.1,NA,2
"346","2025-01-15 09:00:00",-2.8,-5.6,84,0,NA,0,0,NA,1030.3,NA,2
"347","2025-01-15 10:00:00",-3.3,-5,85,0,NA,0,0,NA,1030.1,NA,2
"348","2025-01-15 11:00:00",-3.3,-5.6,84,0,NA,0,0,NA,1030.6,NA,1
"349","2025-01-15 12:00:00",-3.3,-5,88,0,NA,0,0,NA,1030.6,NA,1
"350","2025-01-15 13:00:00",-3.9,-5.6,88,0,NA,0,0,NA,1031.4,NA,1
"351","2025-01-15 14:00:00",-0.6,-6.1,85,0,NA,0,0,NA,1031.5,NA,2
"352","2025-01-15 15:00:00",3.9,-3.3,82,0,NA,0,0,NA,1031.6,NA,2
"353","2025-01-15 16:00:00",7.8,-1.7,67,0,NA,240,13,NA,1031.3,NA,3
"354","2025-01-15 17:00:00",7.8,-2.3,49,0,NA,240,13,NA,1031.3,NA,1
"355","2025-01-15 18:00:00",10,-1,50,0,NA,290,14.8,NA,1029.1,NA,1
"356","2025-01-15 19:00:00",10.6,-1.7,44,0,NA,270,14.8,NA,1028.4,NA,1
"357","2025-01-15 20:00:00",10.6,-1.2,44,0,NA,270,14.8,NA,1028.4,NA,1
"358","2025-01-15 21:00:00",10,-1.7,44,0,NA,290,14.8,NA,1028.2,NA,1
"359","2025-01-15 22:00:00",8.9,-2.7,41,0,NA,260,13,NA,1028.5,NA,1
"360","2025-01-15 23:00:00",8.9,-3.3,42,0,NA,260,13,NA,1028.5,NA,1
"361","2025-01-16 00:00:00",5.6,-3.6,50,0,NA,230,9.4,NA,1029.1,NA,1
"362","2025-01-16 01:00:00",5.6,-4,50,0,NA,190,5.4,NA,1029.7,NA,1
"363","2025-01-16 02:00:00",0,-4.4,72,0,NA,210,5.4,NA,1029.3,NA,1
"364","2025-01-16 03:00:00",-1.1,-5,75,0,NA,210,5.4,NA,1029.3,NA,1
"365","2025-01-16 04:00:00",-1.7,-4.4,78,0,NA,190,13,NA,1028.4,NA,1
"366","2025-01-16 05:00:00",-1.1,-5,78,0,NA,200,13,NA,1027.7,NA,1
"367","2025-01-16 06:00:00",0,-4.4,78,0,NA,210,13,NA,1027.1,NA,1
"368","2025-01-16 07:00:00",0,-4.4,72,0,NA,210,13,NA,1027.1,NA,1
"369","2025-01-16 08:00:00",5.6,-3.8,53,0,NA,230,18.4,NA,1026.1,NA,1
"370","2025-01-16 09:00:00",6.1,-4.3,49,0,NA,240,18.4,NA,1025.4,NA,1
"371","2025-01-16 10:00:00",6.1,-5,45,0,NA,240,20.5,NA,1025.2,NA,1
"372","2025-01-16 11:00:00",6.1,-5.6,43,0,NA,250,16.6,NA,1025.3,NA,1
"373","2025-01-16 12:00:00",4.4,-6.2,41,0,NA,220,7.6,NA,1025.7,NA,1
"374","2025-01-16 13:00:00",4.4,-6.2,46,0,NA,220,7.6,NA,1025.7,NA,1
"375","2025-01-16 14:00:00",6.7,-5.6,50,0,NA,270,13,NA,1026.3,NA,1
"376","2025-01-16 15:00:00",7.8,-5.6,41,0,NA,230,13,NA,1026.2,NA,1
"377","2025-01-16 16:00:00",10.6,-4.3,42,0,NA,320,7.6,NA,1025.6,NA,1
"378","2025-01-16 17:00:00",11.7,-3.1,38,0,NA,300,11.2,NA,1024.7,NA,1
"379","2025-01-16 18:00:00",11.7,-2.2,38,0,NA,300,11.2,NA,1024.7,NA,1
"380","2025-01-16 19:00:00",15,-1.7,34,0,NA,270,7.6,NA,1022.1,NA,1
"381","2025-01-16 20:00:00",15.6,-1.6,32,0,NA,0,0,NA,1021.4,NA,1
"382","2025-01-16 21:00:00",15.6,-2.9,28,0,NA,0,0,NA,1021.4,NA,1
"383","2025-01-16 22:00:00",13.3,-2,31,0,NA,260,9.4,NA,1021.3,NA,1
"384","2025-01-16 23:00:00",13.3,-2.2,34,0,NA,260,9.4,NA,1021.3,NA,1
"385","2025-01-17 00:00:00",4,-2,65,0,NA,180,7.6,NA,1021.1,NA,1
"386","2025-01-17 01:00:00",4.4,-1.6,65,0,NA,190,7.6,NA,1020.7,NA,1
"387","2025-01-17 02:00:00",3.3,-2.2,67,0,NA,190,7.6,NA,1020.7,NA,1
"388","2025-01-17 03:00:00",2.8,-2.1,70,0,NA,200,5.4,NA,1019.7,NA,1
"389","2025-01-17 04:00:00",1.1,-2.8,75,0,NA,200,7.6,NA,1018.9,NA,1
"390","2025-01-17 05:00:00",1.1,-2.8,75,0,NA,190,7.6,NA,1018.5,NA,1
"391","2025-01-17 06:00:00",0.6,-2.8,78,0,NA,350,5.4,NA,1017.8,NA,1
"392","2025-01-17 07:00:00",-1.7,-3.9,85,0,NA,350,5.4,NA,1017.8,NA,1
"393","2025-01-17 08:00:00",0.6,-3.3,75,0,NA,180,5.4,NA,1015.4,NA,1
"394","2025-01-17 09:00:00",7.2,-4,69,0,NA,180,5.4,NA,1014.4,NA,2
"395","2025-01-17 10:00:00",7.2,-2.8,49,0,NA,210,16.6,NA,1013.6,NA,3
"396","2025-01-17 11:00:00",6.7,-2.8,49,0,NA,200,9.4,NA,1013.3,NA,3
"397","2025-01-17 12:00:00",6.7,-2.2,53,0,NA,200,9.4,NA,1013.3,NA,3
"398","2025-01-17 13:00:00",6.1,-2.1,60,0,NA,180,14.8,NA,1012,NA,2
"399","2025-01-17 14:00:00",9.4,-1.8,57,0,NA,190,27.7,NA,1011.1,NA,1
"400","2025-01-17 15:00:00",11.7,-1.6,46,0,NA,200,31.7,NA,1010.6,NA,1
"401","2025-01-17 16:00:00",12.8,-1.1,41,0,NA,180,37.1,NA,1009.2,NA,3
"402","2025-01-17 17:00:00",12.8,-1.5,37,0,NA,180,37.1,NA,1009.2,NA,3
"403","2025-01-17 18:00:00",13.9,-0.9,36,0,NA,190,37.1,NA,1005.6,NA,3
"404","2025-01-17 19:00:00",13.3,-0.6,37,0,NA,190,38.9,NA,1004.1,NA,3
"405","2025-01-17 20:00:00",12.2,0,40,0,NA,190,33.5,NA,1003.4,NA,7
"406","2025-01-17 21:00:00",12.2,0.6,45,0,NA,190,33.5,NA,1003.4,NA,3
"407","2025-01-17 22:00:00",9.4,1.6,52,0,NA,190,22.3,NA,1003.2,NA,3
"408","2025-01-17 23:00:00",9.4,2.7,63,0.6,NA,140,24.1,NA,1000.9,NA,8
"409","2025-01-18 00:00:00",8.9,2.3,63,0.3,NA,210,14.8,NA,1003,NA,1
"410","2025-01-18 01:00:00",7.2,2.2,63,0,NA,180,13,NA,1004,NA,2
"411","2025-01-18 02:00:00",7.2,2.3,71,0,NA,180,13,NA,1004,NA,3
"412","2025-01-18 03:00:00",4.4,1.6,70,0,NA,0,0,NA,1004.4,NA,17
"413","2025-01-18 04:00:00",3.9,1.1,79,0,NA,0,0,NA,1004.2,NA,1
"414","2025-01-18 05:00:00",4.4,1.1,82,0,NA,140,5.4,NA,1004.5,NA,2
"415","2025-01-18 06:00:00",6.1,1.8,83,0,NA,330,16.6,NA,1005.5,NA,3
"416","2025-01-18 07:00:00",6.1,2.7,79,0,NA,330,16.6,NA,1005.5,NA,3
"417","2025-01-18 08:00:00",7.2,2.8,76,0,NA,10,11.2,NA,1007.2,NA,3
"418","2025-01-18 09:00:00",5.6,2.3,71,0,NA,350,22.3,NA,1008.3,NA,3
"419","2025-01-18 10:00:00",4.4,0,67,0,NA,350,14.8,NA,1009.6,NA,3
"420","2025-01-18 11:00:00",2.8,-1.6,65,0,NA,350,16.6,NA,1010.8,NA,3
"421","2025-01-18 12:00:00",2.8,-2.1,70,0,NA,350,16.6,NA,1010.8,NA,2
"422","2025-01-18 13:00:00",0,-4,69,0,NA,360,18.4,NA,1013.6,NA,2
"423","2025-01-18 14:00:00",0.6,-5.6,66,0,NA,360,14.8,NA,1014.9,NA,2
"424","2025-01-18 15:00:00",1.7,-5.6,63,0,NA,360,14.8,NA,1016,NA,3
"425","2025-01-18 16:00:00",1.7,-5.7,58,0,NA,340,22,NA,1016,NA,3
"426","2025-01-18 17:00:00",2.8,-5.7,58,0,NA,20,16.6,NA,1016.7,NA,3
"427","2025-01-18 18:00:00",3.3,-6.1,52,0,NA,360,18.4,NA,1016,NA,2
"428","2025-01-18 19:00:00",2.8,-6.1,50,0,NA,360,16.6,NA,1015.7,NA,3
"429","2025-01-18 20:00:00",1.7,-6.6,50,0,NA,340,22.3,NA,1016.5,NA,3
"430","2025-01-18 21:00:00",1.7,-7.1,52,0,NA,340,22.3,NA,1016.5,NA,3
"431","2025-01-18 22:00:00",-1.1,-7.9,53,0,NA,350,22.3,NA,1019.4,NA,3
"432","2025-01-18 23:00:00",-1.1,-9,55,0,NA,350,22.3,NA,1019.4,NA,3
"433","2025-01-19 00:00:00",-2.8,-10.1,58,0,NA,360,13,NA,1021.6,NA,3
"434","2025-01-19 01:00:00",-3.3,-9.9,58,0,NA,350,20.5,NA,1022.7,NA,3
"435","2025-01-19 02:00:00",-3.3,-11.1,55,0,NA,350,20.5,NA,1022.7,NA,3
"436","2025-01-19 03:00:00",-3.9,-11.6,55,0,NA,350,20.5,NA,1023.8,NA,3
"437","2025-01-19 04:00:00",-4.4,-12.8,50,0,NA,350,18.4,NA,1024.2,NA,3
"438","2025-01-19 05:00:00",-5,-11.6,57,0,NA,350,20.5,NA,1025,NA,3
"439","2025-01-19 06:00:00",-6.1,-13.3,52,0,NA,350,16.6,NA,1025.1,NA,3
"440","2025-01-19 07:00:00",-6.7,-13.9,54,0,NA,330,14.8,NA,1025.9,NA,3
"441","2025-01-19 08:00:00",-6.7,-14.5,54,0,NA,330,14.8,NA,1025.9,NA,1
"442","2025-01-19 09:00:00",-7.8,-14.5,56,0,NA,330,20.5,NA,1027.2,NA,1
"443","2025-01-19 10:00:00",-8.3,-15.1,56,0,NA,350,20.5,NA,1028.4,NA,1
"444","2025-01-19 11:00:00",-8.3,-16.2,53,0,NA,350,20.5,NA,1028.4,NA,1
"445","2025-01-19 12:00:00",-9.4,-15.7,58,0,NA,350,14.8,NA,1030.6,NA,1
"446","2025-01-19 13:00:00",-9.4,-16.8,55,0,NA,340,20.5,NA,1031.2,NA,1
"447","2025-01-19 14:00:00",-9.4,-16.1,58,0,NA,340,20.5,NA,1031.2,NA,1
"448","2025-01-19 15:00:00",-7.2,-15.5,56,0,NA,360,16.6,NA,1033,NA,2
"449","2025-01-19 16:00:00",-7.2,-15.6,51,0,NA,360,16.6,NA,1033,NA,1
"450","2025-01-19 17:00:00",-5,-18.1,38,0,NA,350,16.6,NA,1032.5,NA,1
"451","2025-01-19 18:00:00",-5,-18.1,35,0,NA,350,16.6,NA,1032.5,NA,1
"452","2025-01-19 19:00:00",-4.4,-18.1,35,0,NA,340,24.1,NA,1031.4,NA,1
"453","2025-01-19 20:00:00",-4.4,-19,31,0,NA,320,20.5,NA,1031.6,NA,1
"454","2025-01-19 21:00:00",-4.4,-18.3,33,0,NA,320,20.5,NA,1031.6,NA,1
"455","2025-01-19 22:00:00",-6.1,-19.5,31,0,NA,320,14.8,NA,1032,NA,1
"456","2025-01-19 23:00:00",-6.1,-19.4,34,0,NA,320,14.8,NA,1032,NA,1
"457","2025-01-20 00:00:00",-8.3,-18.7,42,0,NA,320,11.2,NA,1032.6,NA,1
"458","2025-01-20 01:00:00",-8.9,-19,42,0,NA,320,9.4,NA,1033,NA,1
"459","2025-01-20 02:00:00",-8.9,-18.2,47,0,NA,320,9.4,NA,1033,NA,2
"460","2025-01-20 03:00:00",-10,-18.2,51,0,NA,0,0,NA,1034,NA,1
"461","2025-01-20 04:00:00",-11.7,-17.8,53,0,NA,0,0,NA,1034.4,NA,3
"462","2025-01-20 05:00:00",-10,-17.1,64,0,NA,0,0,NA,1034.9,NA,3
"463","2025-01-20 06:00:00",-9.4,-16.7,58,0,NA,360,5.4,NA,1035,NA,3
"464","2025-01-20 07:00:00",-9.4,-18.9,46,0,NA,360,5.4,NA,1035,NA,3
"465","2025-01-20 08:00:00",-10.6,-18.2,51,0,NA,0,0,NA,1035.1,NA,3
"466","2025-01-20 09:00:00",-11.1,-18.8,51,0,NA,0,0,NA,1034.9,NA,3
"467","2025-01-20 10:00:00",-12.2,-18.4,55,0,NA,0,0,NA,1034.9,NA,3
"468","2025-01-20 11:00:00",-12.2,-18.4,60,0,NA,0,0,NA,1034.9,NA,3
"469","2025-01-20 12:00:00",-12.8,-18.4,60,0,NA,0,0,NA,1035.6,NA,3
"470","2025-01-20 13:00:00",-12.2,-18.4,63,0,NA,0,0,NA,1036.1,NA,2
"471","2025-01-20 14:00:00",-10.6,-17.8,63,0,NA,80,5.4,NA,1037.1,NA,2
"472","2025-01-20 15:00:00",-8.3,-17.7,56,0,NA,0,0,NA,1037.8,NA,2
"473","2025-01-20 16:00:00",-6.7,-18.4,44,0,NA,70,7.6,NA,1038.1,NA,2
"474","2025-01-20 17:00:00",-6.7,-20.7,32,0,NA,70,7.6,NA,1038.1,NA,3
"475","2025-01-20 18:00:00",-3.3,-21.1,27,0,NA,0,0,NA,1036,NA,2
"476","2025-01-20 19:00:00",-2.8,-21.5,23,0,NA,0,7.6,NA,1035.4,NA,2
"477","2025-01-20 20:00:00",-2.8,-23.3,19,0,NA,341,7.6,NA,1035.4,NA,3
"478","2025-01-20 21:00:00",-2.8,-20.6,23,0,NA,0,0,NA,1034.8,NA,3
"479","2025-01-20 22:00:00",-2.8,-20.6,24,0,NA,0,0,NA,1034.8,NA,3
"480","2025-01-20 23:00:00",-5,-18.4,30,0,NA,310,7.6,NA,1035.5,NA,3
"481","2025-01-21 00:00:00",-5,-17.1,38,0,NA,290,5.4,NA,1036.4,NA,3
"482","2025-01-21 01:00:00",-4.4,-17.8,36,0,NA,340,16.6,NA,1037,NA,3
"483","2025-01-21 02:00:00",-4.4,-14.3,46,0,NA,340,16.6,NA,1037,NA,3
"484","2025-01-21 03:00:00",-6.1,-13.2,55,0,NA,320,16.6,NA,1038.8,NA,3
"485","2025-01-21 04:00:00",-6.7,-12.2,62,0,NA,330,16.6,NA,1039.2,NA,3
"486","2025-01-21 05:00:00",-8.3,-12.8,62,0,NA,330,5.4,NA,1039.5,NA,3
"487","2025-01-21 06:00:00",-8.3,-13.9,64,0,NA,330,5.4,NA,1039.5,NA,3
"488","2025-01-21 07:00:00",-8.9,-12.8,70,0,NA,340,18.4,NA,1039.8,NA,3
"489","2025-01-21 08:00:00",-10,-13.4,70,0,NA,320,13,NA,1040.5,NA,3
"490","2025-01-21 09:00:00",-11.1,-15,67,0,NA,330,14.8,NA,1040.5,NA,3
"491","2025-01-21 10:00:00",-12.8,-18.4,55,0,NA,330,7.6,NA,1040.7,NA,1
"492","2025-01-21 11:00:00",-12.8,-19,60,0,NA,330,7.6,NA,1040.7,NA,1
"493","2025-01-21 12:00:00",-13.3,-19.4,63,0,NA,350,14.8,NA,1041.1,NA,1
"494","2025-01-21 13:00:00",-13.3,-19.4,60,0,NA,10,5.4,NA,1041.1,NA,1
"495","2025-01-21 14:00:00",-11.7,-20.6,54,0,NA,10,13,NA,1040.9,NA,1
"496","2025-01-21 15:00:00",-11.7,-23.8,36,0,NA,10,13,NA,1040.9,NA,1
"497","2025-01-21 16:00:00",-8.9,-22.8,36,0,NA,340,13,NA,1041.2,NA,1
"498","2025-01-21 17:00:00",-7.8,-21.6,35,0,NA,300,13,NA,1040.2,NA,1
"499","2025-01-21 18:00:00",-6.7,-21.7,32,0,NA,300,13,NA,1038.7,NA,1
"500","2025-01-21 19:00:00",-5.6,-22.2,28,0,NA,300,13,NA,1037.7,NA,1
"501","2025-01-21 20:00:00",-5.6,-22.1,26,0,NA,300,13,NA,1037.7,NA,1
"502","2025-01-21 21:00:00",-5.6,-23,24,0,NA,280,7.6,NA,1036,NA,1
"503","2025-01-21 22:00:00",-5.6,-23.5,23,0,NA,280,7.6,NA,1036,NA,1
"504","2025-01-21 23:00:00",-8.3,-23.9,23,0,NA,0,0,NA,1035.5,NA,1
"505","2025-01-22 00:00:00",-10,-21.1,35,0,NA,170,5.4,NA,1035.3,NA,1
"506","2025-01-22 01:00:00",-10,-18.9,48,0,NA,170,5.4,NA,1035.3,NA,1
"507","2025-01-22 02:00:00",-11.7,-17.1,61,0,NA,180,9.4,NA,1033.6,NA,1
"508","2025-01-22 03:00:00",-8.3,-17.7,61,0,NA,200,14.8,NA,1032.3,NA,1
"509","2025-01-22 04:00:00",-8.3,-19,42,0,NA,190,9.4,NA,1031.6,NA,1
"510","2025-01-22 05:00:00",-7.8,-20.1,38,0,NA,190,20.5,NA,1030.7,NA,1
"511","2025-01-22 06:00:00",-7.2,-20,37,0,NA,200,9.4,NA,1031,NA,2
"512","2025-01-22 07:00:00",-7.2,-19.4,37,0,NA,200,9.4,NA,1031,NA,3
"513","2025-01-22 08:00:00",-7.2,-19,37,0,NA,190,14.8,NA,1028.8,NA,3
"514","2025-01-22 09:00:00",-6.7,-20.1,35,0,NA,210,16.6,NA,1027.5,NA,3
"515","2025-01-22 10:00:00",-6.7,-19.3,36,0,NA,210,16.6,NA,1027.5,NA,1
"516","2025-01-22 11:00:00",-6.7,-19,37,0,NA,190,13,NA,1026.2,NA,2
"517","2025-01-22 12:00:00",-6.7,-19,37,0,NA,190,11.2,NA,1026.3,NA,1
"518","2025-01-22 13:00:00",-6.1,-19,37,0,NA,180,18.4,NA,1026.4,NA,1
"519","2025-01-22 14:00:00",-4.4,-17.8,39,0,NA,190,22.3,NA,1025.6,NA,1
"520","2025-01-22 15:00:00",-4.4,-16.6,38,0,NA,190,22.3,NA,1025.6,NA,3
"521","2025-01-22 16:00:00",0.6,-15,34,0,NA,190,24.1,NA,1023.5,NA,3
"522","2025-01-22 17:00:00",1.7,-13.1,35,0,NA,210,31.7,NA,1023.1,NA,3
"523","2025-01-22 18:00:00",2.8,-12.9,33,0,NA,190,22.3,NA,1022.3,NA,3
"524","2025-01-22 19:00:00",3.9,-12.3,32,0,NA,220,25.9,NA,1021.9,NA,2
"525","2025-01-22 20:00:00",5,-10.9,33,0,NA,220,20.5,NA,1021.4,NA,1
"526","2025-01-22 21:00:00",5,-10.8,31,0,NA,220,20.5,NA,1021.4,NA,1
"527","2025-01-22 22:00:00",3.9,-10.8,31,0,NA,260,16.6,NA,1023.1,NA,1
"528","2025-01-22 23:00:00",1.7,-10.6,34,0,NA,240,11.2,NA,1024,NA,1
"529","2025-01-23 00:00:00",0,-10,47,0,NA,210,5.4,NA,1025.2,NA,1
"530","2025-01-23 01:00:00",0.6,-10,47,0,NA,260,13,NA,1026.2,NA,1
"531","2025-01-23 02:00:00",0.6,-9.4,47,0,NA,260,13,NA,1026.2,NA,1
"532","2025-01-23 03:00:00",-3.9,-9.3,66,0,NA,190,7.6,NA,1027.2,NA,1
"533","2025-01-23 04:00:00",-6.1,-10,71,0,NA,200,5.4,NA,1027,NA,1
"534","2025-01-23 05:00:00",-5.6,-10.5,71,0,NA,180,13,NA,1026.6,NA,1
"535","2025-01-23 06:00:00",-5.6,-10,71,0,NA,180,13,NA,1026.6,NA,1
"536","2025-01-23 07:00:00",-6.7,-11.1,77,0,NA,170,7.6,NA,1027.2,NA,1
"537","2025-01-23 08:00:00",-8,-10.8,80,0,NA,180,5.4,NA,1027.6,NA,1
"538","2025-01-23 09:00:00",-7.2,-10.4,77,0,NA,160,7.6,NA,1027.5,NA,1
"539","2025-01-23 10:00:00",-7.2,-10.5,77,0,NA,150,5.4,NA,1027.9,NA,1
"540","2025-01-23 11:00:00",-7.2,-10.1,80,0,NA,150,5.4,NA,1027.9,NA,1
"541","2025-01-23 12:00:00",-7.2,-10.6,80,0,NA,180,7.6,NA,1029.4,NA,1
"542","2025-01-23 13:00:00",-7.2,-10.1,80,0,NA,190,9.4,NA,1030.1,NA,1
"543","2025-01-23 14:00:00",-1.7,-9.4,84,0,NA,0,0,NA,1030.5,NA,1
"544","2025-01-23 15:00:00",1.7,-5.5,75,0,NA,0,9.4,NA,1030.9,NA,1
"545","2025-01-23 16:00:00",1.7,-5,61,0,NA,340,9.4,NA,1030.9,NA,1
"546","2025-01-23 17:00:00",3.9,-4.4,59,0,NA,320,18.4,NA,1031.2,NA,1
"547","2025-01-23 18:00:00",5,-5.1,52,0,NA,320,25.9,NA,1030.9,NA,2
"548","2025-01-23 19:00:00",4.4,-5.7,46,0,NA,320,29.5,NA,1030.4,NA,2
"549","2025-01-23 20:00:00",4.4,-7.1,43,0,NA,320,29.5,NA,1030.4,NA,1
"550","2025-01-23 21:00:00",0.6,-9.6,45,0,NA,320,20.5,NA,1030.6,NA,1
"551","2025-01-23 22:00:00",-0.6,-10,45,0,NA,320,20.5,NA,1030.7,NA,1
"552","2025-01-23 23:00:00",-2.2,-11.1,45,0,NA,330,16.6,NA,1031.2,NA,1
"553","2025-01-24 00:00:00",-3.3,-11.5,52,0,NA,310,11.2,NA,1031.8,NA,1
"554","2025-01-24 01:00:00",-3.3,-11.8,52,0,NA,310,11.2,NA,1031.8,NA,1
"555","2025-01-24 02:00:00",-5,-11.6,57,0,NA,310,13,NA,1032,NA,1
"556","2025-01-24 03:00:00",-6.1,-11.8,59,0,NA,330,5.4,NA,1031.7,NA,1
"557","2025-01-24 04:00:00",-7.2,-12.8,59,0,NA,0,0,NA,1031.3,NA,1
"558","2025-01-24 05:00:00",-8.3,-12.9,64,0,NA,170,5.4,NA,1030.6,NA,1
"559","2025-01-24 06:00:00",-8.3,-12.1,74,0,NA,170,5.4,NA,1030.6,NA,1
"560","2025-01-24 07:00:00",-10,-13.2,81,0,NA,0,0,NA,1030.4,NA,1
"561","2025-01-24 08:00:00",-10.6,-13.3,77,0,NA,150,5.4,NA,1030.2,NA,1
"562","2025-01-24 09:00:00",-10.6,-13.2,81,0,NA,0,0,NA,1029.7,NA,1
"563","2025-01-24 10:00:00",-11.1,-13.2,81,0,NA,170,5.4,NA,1029.8,NA,1
"564","2025-01-24 11:00:00",-11.1,-13.9,80,0,NA,170,5.4,NA,1029.8,NA,1
"565","2025-01-24 12:00:00",-11.1,-13.3,84,0,NA,0,0,NA,1030.1,NA,2
"566","2025-01-24 13:00:00",-11.1,-13.9,80,0,NA,190,5.4,NA,1030.1,NA,1
"567","2025-01-24 14:00:00",-7.2,-13.9,80,0,NA,170,9.4,NA,1029.7,NA,1
"568","2025-01-24 15:00:00",-7.2,-11,74,0,NA,170,9.4,NA,1029.7,NA,1
"569","2025-01-24 16:00:00",-1.1,-8.3,58,0,NA,190,20.5,NA,1028.9,NA,1
"570","2025-01-24 17:00:00",4.4,-7.7,46,0,NA,180,20.5,NA,1027.5,NA,1
"571","2025-01-24 18:00:00",6.7,-8.4,39,0,NA,210,16.6,NA,1025.7,NA,1
"572","2025-01-24 19:00:00",7.8,-8.5,33,0,NA,210,20.5,NA,1024.4,NA,1
"573","2025-01-24 20:00:00",7.8,-8.3,31,0,NA,210,20.5,NA,1024.4,NA,1
"574","2025-01-24 21:00:00",7.2,-8.3,31,0,NA,190,22.3,NA,1023.7,NA,1
"575","2025-01-24 22:00:00",6.7,-7.6,34,0,NA,180,18.4,NA,1023.5,NA,1
"576","2025-01-24 23:00:00",3.9,-7.3,36,0,NA,190,13,NA,1023.6,NA,1
"577","2025-01-25 00:00:00",1,-7.8,52,0,NA,170,9,NA,1022,NA,1
"578","2025-01-25 01:00:00",2.8,-7.7,52,0,NA,190,13,NA,1023.6,NA,1
"579","2025-01-25 02:00:00",2.8,-7.7,46,0,NA,180,14.8,NA,1023.3,NA,1
"580","2025-01-25 03:00:00",3.3,-7.1,48,0,NA,190,20.5,NA,1023.1,NA,1
"581","2025-01-25 04:00:00",3.3,-7.2,46,0,NA,190,20.5,NA,1023.1,NA,1
"582","2025-01-25 05:00:00",2.8,-7.1,48,0,NA,180,16.6,NA,1022.7,NA,1
"583","2025-01-25 06:00:00",2.8,-7.7,46,0,NA,190,14.8,NA,1022.6,NA,1
"584","2025-01-25 07:00:00",3.3,-7.7,46,0,NA,180,16.6,NA,1022.2,NA,1
"585","2025-01-25 08:00:00",2.2,-8.4,42,0,NA,170,7.6,NA,1022,NA,1
"586","2025-01-25 09:00:00",2.2,-8.2,46,0,NA,0,0,NA,1022.2,NA,1
"587","2025-01-25 10:00:00",2.2,-8.8,44,0,NA,0,0,NA,1022.2,NA,1
"588","2025-01-25 11:00:00",2.8,-8.9,42,0,NA,0,0,NA,1022.3,NA,3
"589","2025-01-25 12:00:00",2.8,-8.9,42,0,NA,190,5.4,NA,1022.7,NA,3
"590","2025-01-25 13:00:00",3.3,-8.9,42,0,NA,180,9.4,NA,1023,NA,3
"591","2025-01-25 14:00:00",5.6,-8.4,42,0,NA,190,20.5,NA,1023.2,NA,3
"592","2025-01-25 15:00:00",7.8,-7.6,38,0,NA,190,24.1,NA,1023.7,NA,3
"593","2025-01-25 16:00:00",7.8,-7.1,34,0,NA,190,24.1,NA,1023.7,NA,3
"594","2025-01-25 17:00:00",10.6,-6.5,32,0,NA,200,27.7,NA,1023.1,NA,3
"595","2025-01-25 18:00:00",11.1,-5.4,32,0,NA,190,22.3,NA,1022.3,NA,3
"596","2025-01-25 19:00:00",11.7,-3.8,35,0,NA,230,24.1,NA,1021.6,NA,3
"597","2025-01-25 20:00:00",11.7,-3.3,35,0,NA,230,24.1,NA,1021.6,NA,3
"598","2025-01-25 21:00:00",12.2,-2.7,34,0,NA,190,14.8,NA,1021.7,NA,3
"599","2025-01-25 22:00:00",11.7,-2.1,37,0,NA,220,11.2,NA,1022.1,NA,3
"600","2025-01-25 23:00:00",6.1,-2.2,38,0,NA,0,0,NA,1022.9,NA,3
"601","2025-01-26 00:00:00",6,-1.4,59,0,NA,123,4.3,NA,1023,NA,3
"602","2025-01-26 01:00:00",5.6,-1.8,59,0,NA,0,0,NA,1024.2,NA,3
"603","2025-01-26 02:00:00",5,-1.8,59,0,NA,0,0,NA,1024.7,NA,3
"604","2025-01-26 03:00:00",5,-1.7,62,0,NA,0,0,NA,1024.7,NA,3
"605","2025-01-26 04:00:00",5,-1,65,0,NA,0,0,NA,1025.1,NA,3
"606","2025-01-26 05:00:00",5,-1,65,0,NA,0,0,NA,1025.5,NA,7
"607","2025-01-26 06:00:00",4.4,-1,68,0,NA,0,0,NA,1025.6,NA,3
"608","2025-01-26 07:00:00",4.4,-2.7,60,0,NA,0,0,NA,1025.6,NA,3
"609","2025-01-26 08:00:00",4.4,-4.9,51,0,NA,0,0,NA,1025.5,NA,3
"610","2025-01-26 09:00:00",3.9,-4.9,55,0,NA,0,0,NA,1025.7,NA,1
"611","2025-01-26 10:00:00",3.9,-5.1,52,0,NA,0,0,NA,1025.7,NA,1
"612","2025-01-26 11:00:00",3.3,-4.9,55,0,NA,0,7.6,NA,1026.9,NA,3
"613","2025-01-26 12:00:00",2.8,-4.4,57,0,NA,40,9.4,NA,1027.1,NA,3
"614","2025-01-26 13:00:00",2.8,-4,61,0,NA,40,9.4,NA,1027.1,NA,3
"615","2025-01-26 14:00:00",3.3,-4.4,59,0,NA,30,7.6,NA,1027.8,NA,3
"616","2025-01-26 15:00:00",3.9,-4.4,57,0,NA,30,11.2,NA,1028.3,NA,3
"617","2025-01-26 16:00:00",3.9,-4.3,55,0,NA,30,11.2,NA,1028.3,NA,3
"618","2025-01-26 17:00:00",6.7,-4.3,49,0,NA,10,5.4,NA,1027.3,NA,3
"619","2025-01-26 18:00:00",6.1,-3.8,47,0,NA,10,9.4,NA,1025.6,NA,3
"620","2025-01-26 19:00:00",6.1,-4.4,47,0,NA,10,7.6,NA,1025.3,NA,3
"621","2025-01-26 20:00:00",6.1,-4.4,47,0,NA,10,7.6,NA,1025.3,NA,3
"622","2025-01-26 21:00:00",5,-4.3,51,0,NA,360,9.4,NA,1026,NA,3
"623","2025-01-26 22:00:00",5,-4.3,51,0,NA,360,7.6,NA,1025.6,NA,7
"624","2025-01-26 23:00:00",4.4,-5.1,48,0,NA,20,5.4,NA,1026.2,NA,3
"625","2025-01-27 00:00:00",4.4,-5.2,51,0,NA,0,0,NA,1026.5,NA,2
"626","2025-01-27 01:00:00",4.4,-4.9,51,0,NA,0,0,NA,1026.5,NA,1
"627","2025-01-27 02:00:00",3.9,-5.1,52,0,NA,0,0,NA,1026.9,NA,2
"628","2025-01-27 03:00:00",2.2,-5.6,50,0,NA,20,5.4,NA,1026.6,NA,1
"629","2025-01-27 04:00:00",-1.1,-6.2,54,0,NA,0,0,NA,1027,NA,1
"630","2025-01-27 05:00:00",1.1,-6.6,66,0,NA,0,0,NA,1027.3,NA,1
"631","2025-01-27 06:00:00",1.1,-6,59,0,NA,0,0,NA,1027.3,NA,1
"632","2025-01-27 07:00:00",-4.4,-7.3,58,0,NA,330,9.4,NA,1027.3,NA,1
"633","2025-01-27 08:00:00",-3.9,-7.8,77,0,NA,0,0,NA,1027.2,NA,1
"634","2025-01-27 09:00:00",-5,-7.9,74,0,NA,0,0,NA,1027.4,NA,1
"635","2025-01-27 10:00:00",-5,-8.2,78,0,NA,0,0,NA,1027.4,NA,1
"636","2025-01-27 11:00:00",-6.7,-8.4,84,0,NA,0,0,NA,1027,NA,1
"637","2025-01-27 12:00:00",-7.2,-9.4,81,0,NA,0,0,NA,1027.2,NA,1
"638","2025-01-27 13:00:00",-6.7,-9.4,84,0,NA,0,0,NA,1027.2,NA,1
"639","2025-01-27 14:00:00",-6.7,-9.4,81,0,NA,0,0,NA,1027.2,NA,1
"640","2025-01-27 15:00:00",1.1,-6.8,77,0,NA,0,0,NA,1027.4,NA,1
"641","2025-01-27 16:00:00",1.1,-7.7,52,0,NA,0,0,NA,1027.4,NA,1
"642","2025-01-27 17:00:00",7.2,-9,37,0,NA,0,0,NA,1025.9,NA,1
"643","2025-01-27 18:00:00",8.9,-11.5,25,0,NA,0,5.4,NA,1024.1,NA,1
"644","2025-01-27 19:00:00",9.4,-8.6,28,0,NA,290,13,NA,1023.2,NA,1
"645","2025-01-27 20:00:00",9.4,-10.7,23,0,NA,290,13,NA,1023.2,NA,1
"646","2025-01-27 21:00:00",10,-10.2,23,0,NA,260,14.8,NA,1021.6,NA,1
"647","2025-01-27 22:00:00",9.4,-8.2,27,0,NA,250,9.4,NA,1021.5,NA,1
"648","2025-01-27 23:00:00",6.1,-8.7,27,0,NA,260,7.6,NA,1021.3,NA,1
"649","2025-01-28 00:00:00",1,-8,51,0,NA,255,11.2,NA,1021,NA,1
"650","2025-01-28 01:00:00",0.6,-8.4,51,0,NA,0,0,NA,1021.7,NA,1
"651","2025-01-28 02:00:00",-0.6,-7.7,56,0,NA,0,0,NA,1021.5,NA,1
"652","2025-01-28 03:00:00",-0.6,-8.3,56,0,NA,200,7.6,NA,1021.4,NA,1
"653","2025-01-28 04:00:00",-2.8,-7.7,69,0,NA,200,9.4,NA,1021.4,NA,1
"654","2025-01-28 05:00:00",-3.9,-8.2,72,0,NA,200,9.4,NA,1021.4,NA,1
"655","2025-01-28 06:00:00",-3.9,-8.9,71,0,NA,190,9.4,NA,1021,NA,1
"656","2025-01-28 07:00:00",-4.4,-8.2,72,0,NA,180,5.4,NA,1020.8,NA,1
"657","2025-01-28 08:00:00",-5,-8.9,71,0,NA,0,0,NA,1020.5,NA,1
"658","2025-01-28 09:00:00",-5,-8.9,74,0,NA,0,0,NA,1020.5,NA,1
"659","2025-01-28 10:00:00",-5,-8.3,74,0,NA,0,0,NA,1019.7,NA,1
"660","2025-01-28 11:00:00",-5,-8.9,74,0,NA,0,0,NA,1019.9,NA,1
"661","2025-01-28 12:00:00",-5,-8.9,74,0,NA,0,0,NA,1020.2,NA,1
"662","2025-01-28 13:00:00",-3.9,-8.9,74,0,NA,0,0,NA,1020.6,NA,1
"663","2025-01-28 14:00:00",-3.9,-7.9,74,0,NA,0,0,NA,1020.6,NA,1
"664","2025-01-28 15:00:00",0.6,-5.6,63,0,NA,200,13,NA,1020.2,NA,1
"665","2025-01-28 16:00:00",8.9,-6.5,33,0,NA,210,20.5,NA,1020,NA,1
"666","2025-01-28 17:00:00",12.8,-6.7,28,0,NA,230,13,NA,1019.4,NA,1
"667","2025-01-28 18:00:00",12.8,-6.8,25,0,NA,230,13,NA,1019.4,NA,1
"668","2025-01-28 19:00:00",15.6,-5.8,25,0,NA,230,22.3,NA,1017,NA,1
"669","2025-01-28 20:00:00",16.1,-4.9,24,0,NA,240,16.6,NA,1016.6,NA,1
"670","2025-01-28 21:00:00",15.6,-5.1,23,0,NA,240,18.4,NA,1016.5,NA,2
"671","2025-01-28 22:00:00",13.9,-5.5,23,0,NA,230,16.6,NA,1016.7,NA,3
"672","2025-01-28 23:00:00",13.9,-4.8,27,0,NA,230,16.6,NA,1016.7,NA,2
"673","2025-01-29 00:00:00",5,-4.3,51,0,NA,0,0,NA,1017.5,NA,3
"674","2025-01-29 01:00:00",5,-4.3,51,0,NA,0,0,NA,1017.5,NA,3
"675","2025-01-29 02:00:00",0.6,-4.4,69,0,NA,200,5.4,NA,1017.7,NA,3
"676","2025-01-29 03:00:00",3.9,-4.3,55,0,NA,200,7.6,NA,1017.5,NA,3
"677","2025-01-29 04:00:00",2.2,-3.9,64,0,NA,190,11.2,NA,1017.6,NA,3
"678","2025-01-29 05:00:00",1.1,-4,69,0,NA,220,5.4,NA,1017.9,NA,3
"679","2025-01-29 06:00:00",2.2,-3.3,67,0,NA,220,5.4,NA,1017.9,NA,3
"680","2025-01-29 07:00:00",5,-3.3,64,0,NA,210,13,NA,1017.3,NA,3
"681","2025-01-29 08:00:00",6.1,-1.7,62,0,NA,210,9.4,NA,1017.4,NA,3
"682","2025-01-29 09:00:00",6.1,-1.8,57,0,NA,0,0,NA,1017.6,NA,3
"683","2025-01-29 10:00:00",1.7,-2.8,72,0,NA,0,0,NA,1017.6,NA,3
"684","2025-01-29 11:00:00",2.2,-2.8,75,0,NA,0,0,NA,1018.4,NA,3
"685","2025-01-29 12:00:00",1.7,-2.1,73,0,NA,190,9.4,NA,1019.1,NA,3
"686","2025-01-29 13:00:00",1.7,-2.3,75,0,NA,190,9.4,NA,1019.1,NA,3
"687","2025-01-29 14:00:00",4.4,-2.3,75,0,NA,0,0,NA,1019.8,NA,3
"688","2025-01-29 15:00:00",7.8,-0.6,70,0,NA,0,0,NA,1020.5,NA,3
"689","2025-01-29 16:00:00",13.3,1.2,63,0,NA,90,5.4,NA,1020,NA,3
"690","2025-01-29 17:00:00",15.6,2.2,47,0,NA,80,5.4,NA,1019.2,NA,3
"691","2025-01-29 18:00:00",15.6,2.7,42,0,NA,80,5.4,NA,1019.2,NA,3
"692","2025-01-29 19:00:00",19.4,2.9,37,0,NA,200,9.4,NA,1017.2,NA,3
"693","2025-01-29 20:00:00",17.2,1.8,31,0,NA,170,13,NA,1016.2,NA,3
"694","2025-01-29 21:00:00",17.8,2.8,38,0,NA,130,13,NA,1016.2,NA,3
"695","2025-01-29 22:00:00",16.7,1.3,33,0,NA,140,7.6,NA,1016.5,NA,3
"696","2025-01-29 23:00:00",16.1,5,46,0,NA,100,7.6,NA,1015.6,NA,3
"697","2025-01-30 00:00:00",15,6,55,0,NA,110,11,NA,1016,NA,3
"698","2025-01-30 01:00:00",12.2,6,55,0,NA,0,0,NA,1016.3,NA,3
"699","2025-01-30 02:00:00",10.6,6.7,69,0.5,NA,0,0,NA,1015.7,NA,7
"700","2025-01-30 03:00:00",10.6,7.8,83,3.3,NA,0,0,NA,1015.7,NA,3
"701","2025-01-30 04:00:00",10.6,8.3,89,1.5,NA,60,5.4,NA,1016,NA,9
"702","2025-01-30 05:00:00",10.6,9.4,92,1.2,NA,170,14.8,NA,1013.7,NA,9
"703","2025-01-30 06:00:00",15,11.8,87,8.1,NA,190,18.4,NA,1012.6,NA,9
"704","2025-01-30 07:00:00",13.9,12.1,83,3.6,NA,160,14.8,NA,1012.2,NA,9
"705","2025-01-30 08:00:00",13.9,11.8,87,1.3,NA,160,14.8,NA,1012.2,NA,9
"706","2025-01-30 09:00:00",14.4,11.7,84,0.3,NA,170,18.4,NA,1011.6,NA,9
"707","2025-01-30 10:00:00",14.4,11.7,84,0,NA,170,16.6,NA,1010.7,NA,9
"708","2025-01-30 11:00:00",14.4,12.1,83,0.2,NA,200,7.6,NA,1010.1,NA,7
"709","2025-01-30 12:00:00",14.4,12.3,87,1.8,NA,230,9.4,NA,1011.4,NA,9
"710","2025-01-30 13:00:00",14.4,12.8,90,2,NA,230,9.4,NA,1011.4,NA,9
"711","2025-01-30 14:00:00",13.3,12.2,93,1.3,NA,0,0,NA,1010.9,NA,9
"712","2025-01-30 15:00:00",13.9,12.8,93,0.2,NA,0,0,NA,1010,NA,9
"713","2025-01-30 16:00:00",13.9,12.8,93,1.3,NA,0,0,NA,1010,NA,8
"714","2025-01-30 17:00:00",14.4,12.8,90,0.6,NA,100,11.2,NA,1009.6,NA,8
"715","2025-01-30 18:00:00",15,12.9,87,0.5,NA,90,5.4,NA,1008.1,NA,3
"716","2025-01-30 19:00:00",15.6,12.9,87,1.5,NA,90,9.4,NA,1005.3,NA,9
"717","2025-01-30 20:00:00",15.6,12.7,83,1.2,NA,120,9.4,NA,1004.5,NA,5
"718","2025-01-30 21:00:00",15.6,14,90,0,NA,0,0,NA,1004.5,NA,5
"719","2025-01-30 22:00:00",15.6,14,90,0.3,NA,0,0,NA,1004.5,NA,3
"720","2025-01-30 23:00:00",14.4,13.4,90,0,NA,220,9.4,NA,1005,NA,3
"721","2025-01-31 00:00:00",13.3,11.4,90,0,NA,220,11.2,NA,1005.8,NA,5
"722","2025-01-31 01:00:00",12.8,11.7,90,0.3,NA,240,13,NA,1006.1,NA,8
"723","2025-01-31 02:00:00",12.2,11,89,0.3,NA,270,18.4,NA,1007,NA,3
"724","2025-01-31 03:00:00",12.2,10.6,90,0.3,NA,270,18.4,NA,1007,NA,3
"725","2025-01-31 04:00:00",11.1,9.4,89,0,NA,260,9.4,NA,1007.7,NA,5
"726","2025-01-31 05:00:00",9.4,8.9,89,0,NA,230,9.4,NA,1008.2,NA,3
"727","2025-01-31 06:00:00",8.9,7.8,90,0,NA,220,9.4,NA,1007.7,NA,5
"728","2025-01-31 07:00:00",8.9,7.2,89,0,NA,220,9.4,NA,1007.7,NA,5
"729","2025-01-31 08:00:00",4.4,4,97,0,NA,180,9.4,NA,1008,NA,5
"730","2025-01-31 09:00:00",5,4.4,96,0,NA,0,0,NA,1007.1,NA,5
"731","2025-01-31 10:00:00",2.8,2.2,96,0,NA,0,0,NA,1007.1,NA,5
"732","2025-01-31 11:00:00",4.4,2.9,97,0,NA,180,9.4,NA,1007.4,NA,5
"733","2025-01-31 12:00:00",4.4,4,97,0,NA,180,9.4,NA,1007.4,NA,5
"734","2025-01-31 13:00:00",8.3,6.7,93,0,NA,0,7.6,NA,1008.9,NA,5
"735","2025-01-31 14:00:00",8.9,5.6,93,0,NA,200,9.4,NA,1009.4,NA,5
"736","2025-01-31 15:00:00",10,7.8,93,0,NA,260,16.6,NA,1010.1,NA,5
"737","2025-01-31 16:00:00",10,7.2,83,0,NA,260,20.5,NA,1010.4,NA,3
"738","2025-01-31 17:00:00",10,6.2,77,0,NA,260,20.5,NA,1010.4,NA,3
"739","2025-01-31 18:00:00",8.3,5.6,83,0,NA,280,18.4,NA,1011.5,NA,3
"740","2025-01-31 19:00:00",8.3,3.9,74,0,NA,290,20.5,NA,1012.4,NA,3
"741","2025-01-31 20:00:00",7.8,3.9,74,0.3,NA,280,16.6,NA,1014,NA,8
"742","2025-01-31 21:00:00",9.4,3.8,76,0,NA,270,13,NA,1014.8,NA,3
"743","2025-01-31 22:00:00",9.4,5,74,0,NA,270,13,NA,1014.8,NA,3
"744","2025-01-31 23:00:00",10,5,71,0,NA,340,5.4,NA,1017.3,NA,3
